<?xml version="1.0" encoding="UTF-8"?>
<!DOCTYPE configuration PUBLIC "-//mybatis.org//DTD Config 3.0//EN" "http://mybatis.org/dtd/mybatis-3-config.dtd">
<configuration>
	<typeAliases>
    <package name="edu.njust.entity"/>
	</typeAliases>
 	<environments default="development">
	<environment id="development">
	<transactionManager type="JDBC" />
	<!-- 配置数据库连接信息 -->
	<dataSource type="POOLED">
		<property name="driver" value="com.mysql.cj.jdbc.Driver" />
		<property name="url" value="jdbc:mysql://localhost:3306/OLMS?useSSL=false&amp;serverTimezone=UTC"/>
		<property name="username" value="root" />
		<property name="password" value="root" />
	</dataSource>
	</environment>
	</environments>
	
 	<mappers>
 	<mapper class="edu.njust.DAO.UserMapper"/>
	<mapper class="edu.njust.DAO.ExpInfoMapper"/>
	<mapper class="edu.njust.DAO.RoomInfoMapper"/>
	<mapper class="edu.njust.DAO.StudentExpMapper"/>
 	</mappers>
</configuration>