<?xml version="1.0" encoding="UTF-8" ?>
<!DOCTYPE mapper
        PUBLIC "-//mybatis.org//DTD Mapper 3.0//EN"
        "http://mybatis.org/dtd/mybatis-3-mapper.dtd">

<mapper namespace="edu.njust.DAO.ExpInfoMapper">
    <insert id="insertExperimentInfo" parameterType="experimentInfo">
		insert into experimentInfo values(#{expName},#{expTeacherName},#{expTerm},#{expIntroduction},
		#{expMaxStudentCount},#{currentStudentCount})
	</insert>
	<update id="modifyExperimentInfo" parameterType="experimentInfo">
		update experimentInfo set expIntroduction=#{expIntroduction},expMaxStudentCount=#{expMaxStudentCount},
		currentStudentCount=#{currentStudentCount} where expName=#{expName} and expTeacherName=#{expTeacherName} and expTerm=#{expTerm}
	</update>
	<select id="selectExperimentInfo" parameterType="String" resultType="experimentInfo">
		select * from experimentInfo where expName=#{arg0} and expTeacherName=#{arg1} and expTerm=#{arg2}
	</select>
	<select id="selectAllExperimentInfo" resultType="experimentInfo">
		select * from experimentInfo
	</select>
	<select id="selectExperimentInfoByTeacherName" resultType="experimentInfo">
		select * from experimentInfo where expTeacherName=#{arg0}
	</select>
	<select id="selectExperimentByTeacherNameAndExpTerm" resultType="experimentInfo">
		select * from experimentInfo where expTeacherName=#{arg0} and expTerm=#{arg1}
	</select>

	<select id="selectExperimentTermByTeacherName" resultType="String">
		select distinct expTerm from experimentInfo where expTeacherName=#{arg0}
	</select>
</mapper>