<?xml version="1.0" encoding="UTF-8" ?>
<!DOCTYPE mapper
        PUBLIC "-//mybatis.org//DTD Mapper 3.0//EN"
        "http://mybatis.org/dtd/mybatis-3-mapper.dtd">

<mapper namespace="edu.njust.DAO.RoomInfoMapper">
    <insert id="insertRoomInfo" parameterType="roomInfo">
		insert into roomInfo values(#{roomId},#{date},#{time},#{freeCount})
	</insert>
	<delete id="deleteBeforeRoomInfo">
		delete from roomInfo where date&lt;#{0}
	</delete>
	<update id="modifyFreeSeatCount" parameterType="roomInfo">
		update roomInfo set freeCount=#{freeCount} where roomId=#{roomId} and date=#{date} and time=#{time}
	</update>
	<select id="selectFreeSeatCount" resultType="int">
		select freeCount from roomInfo where roomId=#{arg0} and date=#{arg1} and time=#{arg2}
	</select>
	<select id="selectRoomIds" resultType="String">
		select distinct roomId from roomInfo
	</select>
	<select id="selectRoom" resultType="roomInfo">
		select * from roomInfo where date =#{date}
	</select>

</mapper>