<?xml version="1.0" encoding="UTF-8" ?>
<!DOCTYPE mapper
        PUBLIC "-//mybatis.org//DTD Mapper 3.0//EN"
        "http://mybatis.org/dtd/mybatis-3-mapper.dtd">

<mapper namespace="edu.njust.DAO.StudentExpMapper">
    <insert id="insertStudentExp" parameterType="StudentExperiment">
		insert into StudentExperiment values(#{stuId},#{expName},#{expTerm},#{expTeacherName},
		#{roomId},#{date},#{time},#{seatNo},#{hasAdmitted},#{reportAddr})
	</insert>
    <delete id="deleteStudentExp" parameterType="StudentExperiment">
        delete from StudentExperiment where stuId=#{stuId} and expName=#{expName}
                                        and expTeacherName=#{expTeacherName} and expTerm=#{expTerm}
    </delete>
   <update id="modifyStudentExp" parameterType="StudentExperiment">
       update  studentExperiment set roomId=#{roomId},date=#{date},time=#{time},
       seatNo=#{seatNo},hasAdmitted=#{hasAdmitted},reportAddr=#{reportAddr} where
       stuId=#{stuId} and expName=#{expName} and expTerm=#{expTerm}
       and expTeacherName=#{expTeacherName}
   </update>
    <select id="selectStudentExp" parameterType="String" resultType="studentExperiment">
        select * from studentExperiment
        where stuId=#{arg0} and expName=#{arg1} and expTeacherName=#{arg2} and expTerm=#{arg3}
    </select>
    <select id="selectStudentExpsByExpTeacherName" parameterType="String" resultType="StudentExperiment">
		select * from studentExperiment where expTeacherName=#{arg0} order by expName
	</select>
    <select id="selectStudentExpsByStuId" resultType="studentExperiment">
        select * from studentExperiment where stuId=#{0}
    </select>
    <select id="selectExperimentByTeacherNameAndExpTermAndExpName" resultType="studentExperiment">
		select * from studentExperiment where expTeacherName=#{arg0} and expTerm=#{arg1} and expName=#{arg2}
	</select>
</mapper>
